No,CollarID,UTC_Date,UTC_Time,LMT_Date,LMT_Time,Origin,SCTS_Date,SCTS_Time,ECEF_X [m],ECEF_Y [m],ECEF_Z [m],Latitude [°],Longitude [°],Height [m],DOP,FixType,3D_Error [m],Sats,Sat,C/N,Sat,C/N,Sat,C/N,Sat,C/N,Sat,C/N,Sat,C/N,Sat,C/N,Sat,C/N,Sat,C/N,Sat,C/N,Sat,C/N,Sat,C/N,Mort. Status,Activity,Main [V],Beacon [V],Temp [°C],Easting,Northing,AnimalID,GroupID
2525,20147,1/8/2022,15:02:27,1/8/2022,3:02:27 PM,Collar,10/28/2022,5:35:47 PM,-2676288,-4421720,3725193,35.9645126,-121.1848209,319.54,3.6,val. GPS-3D,,5,32,47,21,32,31,38,1,35,10,29,0,0,0,0,0,0,0,0,0,0,0,0,0,0,Mortality no radius,10,3.3,3.66,-1,10663679.61,3981535.371,N/A,N/A
2524,20147,1/8/2022,14:32:27,1/8/2022,2:32:27 PM,Collar,10/28/2022,5:35:47 PM,-2676278,-4421689,3725150,35.9643667,-121.184904,268.63,2.4,val. GPS-3D,,6,1,44,31,41,21,38,32,38,10,32,8,32,0,0,0,0,0,0,0,0,0,0,0,0,Mortality no radius,0,3.32,3.66,-1,10663672.41,3981519.049,N/A,N/A
2523,20147,1/8/2022,14:02:56,1/8/2022,2:02:56 PM,Collar,10/28/2022,5:35:47 PM,-2676299,-4421714,3725167,35.9643199,-121.1849597,304.73,2.8,val. GPS-3D,,7,8,44,10,29,31,41,32,29,21,38,27,29,1,35,0,0,0,0,0,0,0,0,0,0,Mortality no radius,0,3.3,3.66,0,10663667.49,3981513.77,N/A,N/A
2522,20147,1/8/2022,13:32:29,1/8/2022,1:32:29 PM,Collar,10/28/2022,5:35:47 PM,-2676296,-4421717,3725167,35.9643146,-121.184914,305.55,3.8,val. GPS-3D,,5,8,38,23,29,32,35,10,35,27,32,0,0,0,0,0,0,0,0,0,0,0,0,0,0,Mortality no radius,0,3.32,3.66,0,10663671.62,3981513.252,N/A,N/A
2521,20147,1/8/2022,13:02:32,1/8/2022,1:02:32 PM,Collar,10/28/2022,5:35:47 PM,-2676288,-4421704,3725149,35.9642641,-121.1849128,282.62,3,val. GPS-3D,,5,27,47,32,32,10,29,8,29,23,29,0,0,0,0,0,0,0,0,0,0,0,0,0,0,Mortality no radius,0,3.32,3.66,0,10663671.84,3981507.651,N/A,N/A
2520,20147,1/8/2022,12:32:27,1/8/2022,12:32:27 PM,Collar,10/28/2022,5:35:47 PM,-2676297,-4421708,3725175,35.9644109,-121.1849752,304.43,3.8,val. GPS-3D,,5,8,44,10,41,27,47,32,29,23,32,0,0,0,0,0,0,0,0,0,0,0,0,0,0,Mortality no radius,0,3.32,3.66,0,10663665.91,3981523.839,N/A,N/A
2519,20147,1/8/2022,12:02:56,1/8/2022,12:02:56 PM,Collar,10/28/2022,5:35:47 PM,-2676298,-4421716,3725169,35.9643282,-121.1849387,306.87,4.4,val. GPS-3D,,5,8,44,27,32,32,41,10,35,23,29,0,0,0,0,0,0,0,0,0,0,0,0,0,0,Mortality no radius,0,3.3,3.66,1,10663669.37,3981514.723,N/A,N/A
2518,20147,1/8/2022,11:32:59,1/8/2022,11:32:59 AM,Collar,10/28/2022,5:35:47 PM,-2676301,-4421711,3725169,35.9643426,-121.1849959,304.66,1.8,val. GPS-3D,,6,10,32,27,47,32,50,23,35,15,29,16,29,0,0,0,0,0,0,0,0,0,0,0,0,Mortality no radius,0,3.3,3.66,1,10663664.18,3981516.226,N/A,N/A
2517,20147,1/8/2022,11:02:29,1/8/2022,11:02:29 AM,Collar,10/28/2022,5:35:47 PM,-2676304,-4421699,3725184,35.9644982,-121.1850932,306.42,2.8,val. GPS-3D,,5,23,35,10,41,18,29,15,29,16,32,0,0,0,0,0,0,0,0,0,0,0,0,0,0,Mortality no radius,0,3.32,3.66,1,10663655.08,3981533.315,N/A,N/A
2516,20147,1/8/2022,10:32:28,1/8/2022,10:32:28 AM,Collar,10/28/2022,5:35:47 PM,-2676292,-4421697,3725187,35.964562,-121.1849909,301.77,6,val. GPS-3D,,5,10,44,23,44,18,35,15,29,16,32,0,0,0,0,0,0,0,0,0,0,0,0,0,0,Mortality no radius,0,3.34,3.66,2,10663664.18,3981540.567,N/A,N/A
2515,20147,1/8/2022,9:00:39,1/8/2022,9:00:39 AM,Collar,10/28/2022,5:35:47 PM,-2676288,-4421698,3725161,35.9643788,-121.1849472,285.51,1.6,val. GPS-3D,,8,10,44,18,38,23,44,29,29,5,29,25,35,16,29,15,29,0,0,0,0,0,0,0,0,normal,0,3.34,3.66,3,10663668.5,3981520.317,N/A,N/A
2514,20147,1/8/2022,6:00:39,1/8/2022,6:00:39 AM,Collar,10/28/2022,5:35:47 PM,-2676279,-4421702,3725178,35.9645093,-121.1848389,294.49,5,val. GPS-3D,,5,29,38,5,44,20,29,25,29,12,32,0,0,0,0,0,0,0,0,0,0,0,0,0,0,normal,0,3.34,3.66,5,10663677.99,3981534.981,N/A,N/A
2513,20147,1/8/2022,3:00:46,1/8/2022,3:00:46 AM,Collar,10/28/2022,5:35:47 PM,-2676300,-4421711,3725172,35.9643673,-121.1849864,306,2.6,val. GPS-3D,,5,2,47,12,47,14,29,17,29,6,29,0,0,0,0,0,0,0,0,0,0,0,0,0,0,normal,0,3.34,3.66,11,10663664.99,3981518.974,N/A,N/A
2512,20147,1/8/2022,0:00:39,1/8/2022,12:00:39 AM,Collar,10/28/2022,5:35:47 PM,-2678903,-4422582,3722583,35.9344047,-121.2046646,480.67,2.2,val. GPS-3D,,6,13,50,14,44,1,35,7,35,17,38,21,32,0,0,0,0,0,0,0,0,0,0,0,0,normal,0,3.36,3.66,16,10661951.53,3978162.356,N/A,N/A
2511,20147,1/7/2022,21:00:40,1/7/2022,9:00:40 PM,Collar,10/28/2022,5:35:47 PM,-2676288,-4422358,3724379,35.9556863,-121.1811592,283.34,4.8,val. GPS-3D,,6,9,44,27,38,7,35,4,38,16,29,8,41,0,0,0,0,0,0,0,0,0,0,0,0,Mortality no radius,0,3.36,3.68,14,10664028.09,3980562.417,N/A,N/A
2510,20147,1/7/2022,18:00:39,1/7/2022,6:00:39 PM,Collar,10/28/2022,5:35:47 PM,-2676289,-4422353,3724372,35.9556552,-121.1811973,276.19,2.6,val. GPS-3D,,5,3,44,16,41,26,41,4,38,7,29,0,0,0,0,0,0,0,0,0,0,0,0,0,0,Mortality no radius,0,3.34,3.66,8,10664024.71,3980558.895,N/A,N/A
2509,20147,1/7/2022,15:06:22,1/7/2022,3:06:22 PM,Collar,10/28/2022,5:35:47 PM,-2676287,-4422352,3724373,35.9556725,-121.1811841,275.25,2.2,val. GPS-3D,,6,31,44,32,44,21,41,1,38,10,35,8,29,0,0,0,0,0,0,0,0,0,0,0,0,Mortality no radius,0,3.34,3.66,6,10664025.87,3980560.836,N/A,N/A
2508,20147,1/7/2022,14:36:38,1/7/2022,2:36:38 PM,Collar,10/28/2022,5:35:47 PM,-2676290,-4422358,3724378,35.9556736,-121.1811781,283.59,2.4,val. GPS-3D,,6,31,47,32,44,21,38,10,44,8,29,1,32,0,0,0,0,0,0,0,0,0,0,0,0,Mortality no radius,0,3.32,3.66,6,10664026.41,3980560.968,N/A,N/A
2507,20147,1/7/2022,14:06:24,1/7/2022,2:06:24 PM,Collar,10/28/2022,5:35:47 PM,-2676283,-4422342,3724373,35.9557287,-121.1812036,266.64,8.4,val. GPS-3D,,5,32,47,21,38,10,44,8,32,27,29,0,0,0,0,0,0,0,0,0,0,0,0,0,0,Mortality no radius,0,3.34,3.66,6,10664024,3980567.041,N/A,N/A
2506,20147,1/7/2022,13:36:40,1/7/2022,1:36:40 PM,Collar,10/28/2022,5:35:47 PM,-2676291,-4422358,3724376,35.9556562,-121.1811876,282.84,2.6,val. GPS-3D,,6,10,44,32,44,27,32,21,32,23,29,8,38,0,0,0,0,0,0,0,0,0,0,0,0,Mortality no radius,0,3.34,3.66,6,10664025.59,3980559.029,N/A,N/A
2505,20147,1/7/2022,13:06:22,1/7/2022,1:06:22 PM,Collar,10/28/2022,5:35:47 PM,-2676291,-4422345,3724379,35.955737,-121.1812622,275.6,4,val. GPS-3D,,5,10,44,32,44,27,35,23,38,18,29,0,0,0,0,0,0,0,0,0,0,0,0,0,0,Mortality no radius,0,3.34,3.66,6,10664018.69,3980567.86,N/A,N/A
2504,20147,1/7/2022,12:36:21,1/7/2022,12:36:21 PM,Collar,10/28/2022,5:35:47 PM,-2676291,-4422354,3724377,35.9556816,-121.1812106,280.66,3.8,val. GPS-3D,,5,10,44,23,44,27,38,32,44,18,29,0,0,0,0,0,0,0,0,0,0,0,0,0,0,Mortality no radius,0,3.34,3.66,6,10664023.46,3980561.809,N/A,N/A
2503,20147,1/7/2022,12:06:21,1/7/2022,12:06:21 PM,Collar,10/28/2022,5:35:47 PM,-2676289,-4422353,3724373,35.9556625,-121.1811973,276.78,5.8,val. GPS-3D,,5,10,41,23,44,27,38,32,47,18,41,0,0,0,0,0,0,0,0,0,0,0,0,0,0,Mortality no radius,0,3.34,3.66,6,10664024.7,3980559.704,N/A,N/A
2502,20147,1/7/2022,11:36:34,1/7/2022,11:36:34 AM,Collar,10/28/2022,5:35:47 PM,-2676292,-4422359,3724379,35.9556709,-121.1811914,285.71,2.4,val. GPS-3D,,6,18,41,23,41,27,38,32,41,10,38,15,29,0,0,0,0,0,0,0,0,0,0,0,0,Mortality no radius,0,3.34,3.66,5,10664025.22,3980560.645,N/A,N/A
2501,20147,1/7/2022,11:06:22,1/7/2022,11:06:22 AM,Collar,10/28/2022,5:35:47 PM,-2676290,-4422351,3724371,35.9556542,-121.1812183,274.64,2.8,val. GPS-3D,,5,10,41,18,41,23,41,15,35,29,29,0,0,0,0,0,0,0,0,0,0,0,0,0,0,Mortality no radius,0,3.34,3.66,5,10664022.82,3980558.751,N/A,N/A
2500,20147,1/7/2022,10:36:20,1/7/2022,10:36:20 AM,Collar,10/28/2022,5:35:47 PM,-2676292,-4422353,3724380,35.9557053,-121.1812258,282.14,4.2,val. GPS-3D,,5,10,44,15,41,18,44,23,38,29,29,0,0,0,0,0,0,0,0,0,0,0,0,0,0,Mortality no radius,0,3.34,3.66,5,10664022.04,3980564.409,N/A,N/A
2499,20147,1/7/2022,10:06:21,1/7/2022,10:06:21 AM,Collar,10/28/2022,5:35:47 PM,-2676288,-4422349,3724374,35.9556906,-121.1812108,274.17,2.6,val. GPS-3D,,6,10,41,15,44,18,41,23,44,29,38,13,29,0,0,0,0,0,0,0,0,0,0,0,0,Mortality no radius,0,3.34,3.66,5,10664023.42,3980562.803,N/A,N/A
2498,20147,1/7/2022,9:36:21,1/7/2022,9:36:21 AM,Collar,10/28/2022,5:35:47 PM,-2676288,-4422351,3724374,35.9556816,-121.1811993,275.56,2.2,val. GPS-3D,,7,15,44,18,41,29,44,23,41,10,41,13,41,5,29,0,0,0,0,0,0,0,0,0,0,Mortality no radius,0,3.32,3.66,4,10664024.48,3980561.818,N/A,N/A
2497,20147,1/7/2022,9:06:22,1/7/2022,9:06:22 AM,Collar,10/28/2022,5:35:47 PM,-2676289,-4422354,3724374,35.9556652,-121.1811916,278.06,2.2,val. GPS-3D,,7,13,38,15,44,23,41,29,44,18,38,10,38,5,38,0,0,0,0,0,0,0,0,0,0,Mortality no radius,0,3.3,3.66,3,10664025.21,3980560.021,N/A,N/A
2496,20147,1/7/2022,9:00:39,1/7/2022,9:00:39 AM,Collar,10/28/2022,5:35:47 PM,-2676288,-4422352,3724373,35.9556697,-121.1811936,275.66,1.8,val. GPS-3D,,8,15,41,23,41,29,44,5,41,25,29,10,32,13,38,18,35,0,0,0,0,0,0,0,0,normal,0,3.32,3.66,3,10664025.02,3980560.516,N/A,N/A
2495,20147,1/7/2022,6:00:39,1/7/2022,6:00:39 AM,Collar,10/28/2022,5:35:47 PM,-2676290,-4422351,3724370,35.9556469,-121.1812183,274.05,7.6,val. GPS-3D,,5,2,41,5,47,25,41,12,44,20,44,0,0,0,0,0,0,0,0,0,0,0,0,0,0,normal,0,3.32,3.66,2,10664022.84,3980557.942,N/A,N/A
2494,20147,1/7/2022,3:00:39,1/7/2022,3:00:39 AM,Collar,10/28/2022,5:35:47 PM,-2676291,-4422358,3724377,35.9556635,-121.1811876,283.43,1.6,val. GPS-3D,,8,6,44,19,44,24,38,17,41,13,29,2,38,12,35,14,35,0,0,0,0,0,0,0,0,normal,0,3.32,3.66,5,10664025.57,3980559.839,N/A,N/A
2493,20147,1/7/2022,0:00:39,1/7/2022,12:00:39 AM,Collar,10/28/2022,5:35:47 PM,-2676284,-4422363,3724373,35.9556309,-121.1810925,281.61,4.4,val. GPS-3D,,5,7,44,17,38,30,35,1,29,13,32,0,0,0,0,0,0,0,0,0,0,0,0,0,0,normal,0,3.36,3.68,20,10664034.22,3980556.378,N/A,N/A
2492,20147,1/6/2022,21:00:38,1/6/2022,9:00:38 PM,Collar,10/28/2022,5:35:47 PM,-2676285,-4422368,3724361,35.955518,-121.1810733,278.44,1.8,val. GPS-3D,,7,30,41,9,35,7,29,4,38,16,29,14,38,8,35,0,0,0,0,0,0,0,0,0,0,normal,0,3.36,3.68,22,10664036.18,3980543.885,N/A,N/A
2491,20147,1/6/2022,18:00:39,1/6/2022,6:00:39 PM,Collar,10/28/2022,5:35:47 PM,-2676294,-4422373,3724359,35.9554561,-121.18113,284.5,3.2,val. GPS-3D,,6,3,38,4,44,16,41,1,35,7,32,9,41,0,0,0,0,0,0,0,0,0,0,0,0,normal,2,3.38,3.68,19,10664031.2,3980536.925,N/A,N/A
2490,20147,1/6/2022,15:00:39,1/6/2022,3:00:39 PM,Collar,10/28/2022,5:35:47 PM,-2676288,-4422355,3724350,35.9554884,-121.1811764,264.24,3.6,val. GPS-3D,,5,10,35,32,35,1,29,25,29,21,38,0,0,0,0,0,0,0,0,0,0,0,0,0,0,normal,2,3.36,3.68,16,10664026.95,3980540.426,N/A,N/A
2489,20147,1/6/2022,12:00:39,1/6/2022,12:00:39 PM,Collar,10/28/2022,5:35:47 PM,-2676290,-4422376,3724368,35.9555191,-121.1810748,290.19,7,val. GPS-3D,,5,10,44,23,41,27,38,18,38,32,32,0,0,0,0,0,0,0,0,0,0,0,0,0,0,normal,0,3.36,3.68,14,10664036.04,3980544.01,N/A,N/A
2488,20147,1/6/2022,9:00:36,1/6/2022,9:00:36 AM,Collar,10/28/2022,5:35:47 PM,-2675911,-4422034,3725033,35.9629568,-121.1794433,285.02,1.6,val. GPS-3D,,9,10,44,15,41,18,44,23,44,26,44,29,44,5,29,16,41,25,35,0,0,0,0,0,0,normal,112,3.34,3.66,18,10664167.79,3981371.829,N/A,N/A
2487,20147,1/6/2022,6:00:39,1/6/2022,6:00:39 AM,Collar,10/28/2022,5:35:47 PM,-2675890,-4422002,3725084,35.9635313,-121.1794278,284.01,4.8,val. GPS-3D,,5,2,41,5,41,12,44,29,47,20,44,0,0,0,0,0,0,0,0,0,0,0,0,0,0,normal,126,3.34,3.66,16,10664168,3981435.579,N/A,N/A
2486,20147,1/6/2022,3:00:15,1/6/2022,3:00:15 AM,Collar,10/28/2022,5:35:47 PM,-2676288,-4422380,3724352,35.9553898,-121.1810329,282.73,4.4,val. GPS-3D,,5,13,35,17,38,19,41,14,32,15,29,0,0,0,0,0,0,0,0,0,0,0,0,0,0,normal,117,3.36,3.66,19,10664040.09,3980529.731,N/A,N/A
2485,20147,1/6/2022,0:00:39,1/6/2022,12:00:39 AM,Collar,10/28/2022,5:35:47 PM,-2676787,-4423205,3723091,35.941089,-121.1810304,322.99,2.4,val. GPS-3D,,7,13,44,14,38,17,44,19,44,30,47,7,41,15,38,0,0,0,0,0,0,0,0,0,0,normal,126,3.36,3.68,26,10664069.89,3978943.335,N/A,N/A
2484,20147,1/5/2022,21:00:40,1/5/2022,9:00:40 PM,Collar,10/28/2022,5:35:47 PM,-2676789,-4423312,3722980,35.9397894,-121.1804354,332.8,2.8,val. GPS-3D,,7,9,41,16,38,7,35,4,41,8,38,27,41,30,32,0,0,0,0,0,0,0,0,0,0,normal,24,3.38,3.68,26,10664126.25,3978800.171,N/A,N/A
2483,20147,1/5/2022,18:00:39,1/5/2022,6:00:39 PM,Collar,10/28/2022,5:35:47 PM,-2676810,-4423295,3722980,35.9398088,-121.1807321,329.82,1.4,val. GPS-3D,,8,1,38,4,38,7,41,16,41,26,44,6,29,3,32,31,35,0,0,0,0,0,0,0,0,normal,7,3.36,3.68,22,10664099.45,3978801.827,N/A,N/A
2482,20147,1/5/2022,15:00:40,1/5/2022,3:00:40 PM,Collar,10/28/2022,5:35:47 PM,-2675950,-4423045,3723793,35.9492272,-121.1740119,273.45,1.8,val. GPS-3D,,7,1,44,3,41,8,41,21,44,31,44,32,41,10,38,0,0,0,0,0,0,0,0,0,0,normal,126,3.36,3.68,11,10664686.13,3979857.937,N/A,N/A
2481,20147,1/5/2022,12:00:39,1/5/2022,12:00:39 PM,Collar,10/28/2022,5:35:47 PM,-2675413,-4422847,3724432,35.9562559,-121.1700552,286.48,4.2,val. GPS-3D,,5,10,41,18,44,27,41,32,47,24,35,0,0,0,0,0,0,0,0,0,0,0,0,0,0,normal,0,3.36,3.68,13,10665028.4,3980644.331,N/A,N/A
2480,20147,1/5/2022,9:01:11,1/5/2022,9:01:11 AM,Collar,10/28/2022,5:35:47 PM,-2675931,-4421789,3725313,35.9660538,-121.1810391,288.18,2,val. GPS-3D,,5,23,35,29,41,25,38,18,41,15,29,0,0,0,0,0,0,0,0,0,0,0,0,0,0,normal,126,3.32,3.66,15,10664017.47,3981712.69,N/A,N/A
2479,20147,1/5/2022,6:01:02,1/5/2022,6:01:02 AM,Collar,10/28/2022,5:35:47 PM,-2675757,-4421964,3725227,35.9651108,-121.1783845,285.95,4,val. GPS-3D,,6,2,41,12,44,20,41,25,44,29,38,51,41,0,0,0,0,0,0,0,0,0,0,0,0,normal,126,3.34,3.66,15,10664258.82,3981612.558,N/A,N/A
2478,20147,1/5/2022,3:00:30,1/5/2022,3:00:30 AM,Collar,10/28/2022,5:35:47 PM,-2676293,-4422379,3724351,35.9553733,-121.1810861,283.54,4.2,val. GPS-3D,,5,14,38,19,44,17,29,13,29,15,29,0,0,0,0,0,0,0,0,0,0,0,0,0,0,normal,82,3.36,3.66,20,10664035.33,3980527.815,N/A,N/A
2477,20147,1/5/2022,0:00:39,1/5/2022,12:00:39 AM,Collar,10/28/2022,5:35:47 PM,-2674985,-4423754,3723656,35.9476603,-121.1607935,279.84,1.6,val. GPS-3D,,9,13,47,14,44,15,41,17,44,19,41,30,44,7,38,21,35,1,32,0,0,0,0,0,0,normal,18,3.38,3.68,28,10665881.7,3979706.521,N/A,N/A
2476,20147,1/4/2022,21:00:38,1/4/2022,9:00:38 PM,Collar,10/28/2022,5:35:47 PM,-2674985,-4423754,3723655,35.947653,-121.1607935,279.25,1.6,val. GPS-3D,,7,7,41,9,41,14,44,20,44,30,47,4,32,16,29,0,0,0,0,0,0,0,0,0,0,normal,20,3.38,3.68,31,10665881.72,3979705.711,N/A,N/A
2475,20147,1/4/2022,18:00:39,1/4/2022,6:00:39 PM,Collar,10/28/2022,5:35:47 PM,-2675009,-4423708,3723692,35.9480655,-121.161285,279.16,1.4,val. GPS-3D,,9,3,47,4,44,7,32,16,38,26,44,31,41,1,38,6,32,9,35,0,0,0,0,0,0,normal,1,3.38,3.68,27,10665836.53,3979750.634,N/A,N/A
2474,20147,1/4/2022,15:00:38,1/4/2022,3:00:38 PM,Collar,10/28/2022,5:35:47 PM,-2675007,-4423708,3723691,35.9480637,-121.161266,277.73,2,val. GPS-3D,,7,10,47,21,38,31,47,32,47,1,32,8,35,4,32,0,0,0,0,0,0,0,0,0,0,normal,0,3.4,3.7,13,10665838.24,3979750.464,N/A,N/A
2473,20147,1/4/2022,12:00:39,1/4/2022,12:00:39 PM,Collar,10/28/2022,5:35:47 PM,-2675006,-4423707,3723692,35.9480783,-121.1612622,277.21,2,val. GPS-3D,,8,8,38,10,44,15,41,18,44,23,44,27,41,32,47,24,35,0,0,0,0,0,0,0,0,normal,0,3.38,3.7,9,10665838.55,3979752.086,N/A,N/A
2472,20147,1/4/2022,9:00:40,1/4/2022,9:00:40 AM,Collar,10/28/2022,5:35:47 PM,-2675247,-4422438,3725018,35.9628372,-121.1708274,277.77,1.8,val. GPS-3D,,7,10,44,15,44,23,44,25,41,26,35,29,44,18,38,0,0,0,0,0,0,0,0,0,0,normal,114,3.32,3.66,13,10664945.07,3981373.095,N/A,N/A
2471,20147,1/4/2022,6:00:39,1/4/2022,6:00:39 AM,Collar,10/28/2022,5:35:47 PM,-2675789,-4422039,3725115,35.9638666,-121.1782576,285.51,2.4,val. GPS-3D,,6,12,44,31,44,25,47,29,47,18,41,2,41,0,0,0,0,0,0,0,0,0,0,0,0,normal,126,3.34,3.66,13,10664272.85,3981474.747,N/A,N/A
2470,20147,1/4/2022,3:00:21,1/4/2022,3:00:21 AM,Collar,10/28/2022,5:35:47 PM,-2676293,-4422364,3724356,35.9554777,-121.1811722,276.09,4.2,val. GPS-3D,,5,19,41,17,29,14,32,13,29,15,35,0,0,0,0,0,0,0,0,0,0,0,0,0,0,normal,115,3.34,3.66,16,10664027.35,3980539.25,N/A,N/A
2469,20147,1/4/2022,0:00:39,1/4/2022,12:00:39 AM,Collar,10/28/2022,5:35:47 PM,-2674048,-4424280,3723704,35.9481937,-121.1488904,279.99,1.6,val. GPS-3D,,9,7,41,13,44,14,41,17,44,19,44,15,38,30,41,21,32,1,32,0,0,0,0,0,0,normal,3,3.38,3.68,22,10666954.27,3979785.993,N/A,N/A
2468,20147,1/3/2022,21:00:38,1/3/2022,9:00:38 PM,Collar,10/28/2022,5:35:47 PM,-2674083,-4424253,3723713,35.9482858,-121.1493771,281.22,1.6,val. GPS-3D,,8,4,44,7,41,8,38,9,41,14,44,30,41,16,29,20,35,0,0,0,0,0,0,0,0,normal,4,3.38,3.68,28,10666910.17,3979795.38,N/A,N/A
2467,20147,1/3/2022,18:00:39,1/3/2022,6:00:39 PM,Collar,10/28/2022,5:35:47 PM,-2674082,-4424252,3723711,35.9482785,-121.1493734,278.94,1.4,val. GPS-3D,,9,1,44,3,44,4,41,7,44,9,41,16,44,26,41,31,38,6,32,0,0,0,0,0,0,normal,0,3.38,3.68,16,10666910.52,3979794.574,N/A,N/A
2466,20147,1/3/2022,15:00:40,1/3/2022,3:00:40 PM,Collar,10/28/2022,5:35:47 PM,-2674081,-4424248,3723711,35.9482994,-121.1493868,275.75,1.6,val. GPS-3D,,7,1,47,3,38,10,38,21,47,31,47,32,44,8,32,0,0,0,0,0,0,0,0,0,0,normal,1,3.4,3.7,10,10666909.26,3979796.864,N/A,N/A
2465,20147,1/3/2022,12:00:39,1/3/2022,12:00:39 PM,Collar,10/28/2022,5:35:47 PM,-2674080,-4424249,3723711,35.9482976,-121.1493716,276.02,2.2,val. GPS-3D,,7,18,35,16,41,8,41,10,47,23,41,27,47,32,44,0,0,0,0,0,0,0,0,0,0,normal,0,3.36,3.68,9,10666910.64,3979796.691,N/A,N/A
2464,20147,1/3/2022,9:00:40,1/3/2022,9:00:40 AM,Collar,10/28/2022,5:35:47 PM,-2674082,-4424250,3723710,35.9482803,-121.1493848,276.96,1.6,val. GPS-3D,,9,10,47,15,41,23,44,25,41,26,41,29,41,5,38,16,38,18,41,0,0,0,0,0,0,normal,0,3.38,3.68,11,10666909.48,3979794.75,N/A,N/A
2463,20147,1/3/2022,6:00:39,1/3/2022,6:00:39 AM,Collar,10/28/2022,5:35:47 PM,-2674244,-4423936,3723964,35.9511117,-121.1527217,276.38,1.6,val. GPS-3D,,8,2,44,5,41,6,41,12,47,31,32,20,44,25,44,29,41,0,0,0,0,0,0,0,0,normal,115,3.32,3.66,11,10666602.54,3980103.141,N/A,N/A
2462,20147,1/3/2022,3:00:40,1/3/2022,3:00:40 AM,Collar,10/28/2022,5:35:47 PM,-2676231,-4422416,3724342,35.95531,-121.1802858,277.9,1.8,val. GPS-3D,,8,2,44,6,44,14,41,17,41,19,44,24,44,13,32,12,44,0,0,0,0,0,0,0,0,normal,89,3.34,3.66,16,10664107.64,3980522.139,N/A,N/A
2461,20147,1/3/2022,0:00:39,1/3/2022,12:00:39 AM,Collar,10/28/2022,5:35:47 PM,-2677672,-4422812,3722871,35.9388381,-121.1916759,292.7,4.4,val. GPS-3D,,5,13,44,14,41,17,44,30,44,7,38,0,0,0,0,0,0,0,0,0,0,0,0,0,0,normal,126,3.36,3.68,20,10663114.2,3978675.795,N/A,N/A
2460,20147,1/2/2022,21:00:40,1/2/2022,9:00:40 PM,Collar,10/28/2022,5:35:47 PM,-2677299,-4422863,3723119,35.9414386,-121.1878471,317.19,2.6,val. GPS-3D,,7,4,44,8,41,9,44,16,38,27,44,7,44,30,41,0,0,0,0,0,0,0,0,0,0,normal,24,3.36,3.66,29,10663454.25,3978970.677,N/A,N/A
2459,20147,1/2/2022,18:00:39,1/2/2022,6:00:39 PM,Collar,10/28/2022,5:35:47 PM,-2677301,-4422845,3723144,35.941697,-121.1879694,320.23,1.6,val. GPS-3D,,8,1,41,3,44,4,44,16,47,26,44,31,44,21,29,9,32,0,0,0,0,0,0,0,0,normal,0,3.34,3.66,23,10663442.69,3978999.134,N/A,N/A
2458,20147,1/2/2022,15:00:40,1/2/2022,3:00:40 PM,Collar,10/28/2022,5:35:47 PM,-2676860,-4422172,3724179,35.9535021,-121.1876507,276.86,1.6,val. GPS-3D,,7,10,38,21,44,31,44,32,47,8,41,3,41,1,44,0,0,0,0,0,0,0,0,0,0,normal,0,3.38,3.7,4,10663447.11,3980309.222,N/A,N/A
2457,20147,1/2/2022,12:00:39,1/2/2022,12:00:39 PM,Collar,10/28/2022,5:35:47 PM,-2676857,-4422172,3724183,35.9535395,-121.1876222,277.95,2,val. GPS-3D,,8,8,41,10,47,18,44,23,47,24,38,27,44,32,41,15,35,0,0,0,0,0,0,0,0,normal,23,3.36,3.68,6,10663449.6,3980313.419,N/A,N/A
2456,20147,1/2/2022,9:00:40,1/2/2022,9:00:40 AM,Collar,10/28/2022,5:35:47 PM,-2676857,-4422172,3724181,35.9535249,-121.1876222,276.77,1.4,val. GPS-3D,,10,10,41,15,47,18,41,23,44,25,44,29,44,5,29,26,38,13,35,16,32,0,0,0,0,normal,1,3.36,3.68,7,10663449.63,3980311.8,N/A,N/A
2455,20147,1/2/2022,6:00:39,1/2/2022,6:00:39 AM,Collar,10/28/2022,5:35:47 PM,-2676856,-4422172,3724181,35.9535277,-121.1876127,276.35,1.4,val. GPS-3D,,9,25,41,2,44,5,47,12,47,20,50,6,35,24,38,29,41,31,35,0,0,0,0,0,0,normal,3,3.36,3.68,7,10663450.48,3980312.12,N/A,N/A
2454,20147,1/2/2022,3:00:16,1/2/2022,3:00:16 AM,Collar,10/28/2022,5:35:47 PM,-2676910,-4422058,3724261,35.9544793,-121.1887791,267.02,4,val. GPS-3D,,5,19,35,17,32,14,41,13,38,15,29,0,0,0,0,0,0,0,0,0,0,0,0,0,0,normal,95,3.34,3.66,10,10663343.32,3980415.736,N/A,N/A
2453,20147,1/2/2022,0:00:39,1/2/2022,12:00:39 AM,Collar,10/28/2022,5:35:47 PM,-2676350,-4422772,3723835,35.9496738,-121.1793714,276.66,1.6,val. GPS-3D,,9,1,29,7,32,21,29,30,38,13,44,14,44,17,44,19,44,15,38,0,0,0,0,0,0,normal,68,3.36,3.68,18,10664201.78,3979898.446,N/A,N/A
2452,20147,1/1/2022,21:01:02,1/1/2022,9:01:02 PM,Collar,10/28/2022,5:35:47 PM,-2676369,-4422767,3723830,35.9496079,-121.1795802,278.22,3.6,val. GPS-3D,,6,7,35,9,41,4,35,30,32,8,29,14,29,0,0,0,0,0,0,0,0,0,0,0,0,normal,36,3.34,3.66,20,10664183.08,3979890.786,N/A,N/A
2451,20147,1/1/2022,18:00:56,1/1/2022,6:00:56 PM,Collar,10/28/2022,5:35:47 PM,-2676374,-4422769,3723835,35.9496216,-121.1796162,284.64,2.6,val. GPS-3D,,5,1,29,4,38,26,35,3,32,9,29,0,0,0,0,0,0,0,0,0,0,0,0,0,0,normal,1,3.32,3.68,14,10664179.81,3979892.248,N/A,N/A
2450,20147,1/1/2022,15:00:40,1/1/2022,3:00:40 PM,Collar,10/28/2022,5:35:47 PM,-2675409,-4422838,3724431,35.9563003,-121.1700689,277.98,1.8,val. GPS-3D,,7,1,44,3,44,8,41,21,47,31,44,32,41,10,29,0,0,0,0,0,0,0,0,0,0,normal,0,3.4,3.7,8,10665027.07,3980649.235,N/A,N/A
2449,20147,1/1/2022,12:00:39,1/1/2022,12:00:39 PM,Collar,10/28/2022,5:35:47 PM,-2675410,-4422836,3724432,35.9563139,-121.1700899,277.6,2.2,val. GPS-3D,,7,16,38,8,47,10,44,23,41,27,47,18,38,32,35,0,0,0,0,0,0,0,0,0,0,normal,0,3.38,3.7,9,10665025.15,3980650.709,N/A,N/A
2448,20147,1/1/2022,9:00:39,1/1/2022,9:00:39 AM,Collar,10/28/2022,5:35:47 PM,-2675411,-4422837,3724433,35.956314,-121.1700936,279.3,1.2,val. GPS-3D,,11,18,47,26,44,29,44,5,38,20,32,25,35,16,38,10,44,13,35,23,35,15,41,0,0,normal,27,3.36,3.68,6,10665024.81,3980650.706,N/A,N/A
2447,20147,1/1/2022,6:00:39,1/1/2022,6:00:39 AM,Collar,10/28/2022,5:35:47 PM,-2676115,-4422557,3724259,35.954384,-121.1783766,278.2,2.8,val. GPS-3D,,6,2,44,5,41,12,44,20,47,24,41,31,38,0,0,0,0,0,0,0,0,0,0,0,0,normal,125,3.32,3.66,10,10664281.75,3980422.628,N/A,N/A
2446,20147,1/1/2022,3:00:38,1/1/2022,3:00:38 AM,Collar,10/28/2022,5:35:47 PM,-2675083,-4424268,3722959,35.93998,-121.1587754,267.85,2,val. GPS-3D,,8,6,41,12,47,14,38,15,32,19,44,24,44,17,47,13,29,0,0,0,0,0,0,0,0,normal,126,3.34,3.66,11,10666079.82,3978857.957,N/A,N/A
2445,20147,1/1/2022,0:00:39,1/1/2022,12:00:39 AM,Collar,10/28/2022,5:35:47 PM,-2674077,-4424314,3723636,35.9474643,-121.1489705,275.77,2.2,val. GPS-3D,,7,7,41,13,44,14,41,17,47,19,41,30,47,1,32,0,0,0,0,0,0,0,0,0,0,normal,69,3.38,3.68,20,10666948.57,3979704.941,N/A,N/A
2444,20147,12/31/2021,21:00:39,12/31/2021,9:00:39 PM,Collar,10/28/2022,5:35:47 PM,-2674081,-4424253,3723716,35.9483132,-121.1493582,282.14,2.6,val. GPS-3D,,6,7,38,20,41,4,35,16,35,9,35,30,35,0,0,0,0,0,0,0,0,0,0,0,0,normal,0,3.38,3.68,21,10666911.82,3979798.448,N/A,N/A
2443,20147,12/31/2021,18:00:39,12/31/2021,6:00:39 PM,Collar,10/28/2022,5:35:47 PM,-2674081,-4424250,3723713,35.9483049,-121.1493754,278.3,2.2,val. GPS-3D,,6,16,35,6,41,3,44,4,44,26,44,31,50,0,0,0,0,0,0,0,0,0,0,0,0,normal,0,3.38,3.68,20,10666910.29,3979797.497,N/A,N/A
2442,20147,12/31/2021,15:00:40,12/31/2021,3:00:40 PM,Collar,10/28/2022,5:35:47 PM,-2674081,-4424249,3723710,35.9482875,-121.1493811,275.85,1.8,val. GPS-3D,,7,1,44,21,41,32,47,10,41,8,32,3,35,31,38,0,0,0,0,0,0,0,0,0,0,normal,1,3.4,3.7,12,10666909.81,3979795.562,N/A,N/A
2441,20147,12/31/2021,12:00:39,12/31/2021,12:00:39 PM,Collar,10/28/2022,5:35:47 PM,-2674081,-4424248,3723711,35.9482994,-121.1493868,275.75,1.6,val. GPS-3D,,8,10,44,18,44,23,41,27,44,32,47,8,38,16,38,24,35,0,0,0,0,0,0,0,0,normal,0,3.38,3.7,15,10666909.26,3979796.864,N/A,N/A
2440,20147,12/31/2021,9:00:38,12/31/2021,9:00:38 AM,Collar,10/28/2022,5:35:47 PM,-2674081,-4424249,3723711,35.9482948,-121.1493811,276.44,1.4,val. GPS-3D,,10,5,44,13,38,15,41,18,44,20,41,23,38,26,44,29,44,25,29,16,38,0,0,0,0,normal,1,3.38,3.68,9,10666909.79,3979796.371,N/A,N/A
2439,20147,12/31/2021,6:00:39,12/31/2021,6:00:39 AM,Collar,10/28/2022,5:35:47 PM,-2674079,-4424248,3723710,35.9482975,-121.1493679,274.32,1.4,val. GPS-3D,,9,2,44,5,47,12,47,20,47,24,38,25,41,29,41,31,38,6,32,0,0,0,0,0,0,normal,0,3.34,3.68,12,10666910.98,3979796.694,N/A,N/A
2438,20147,12/31/2021,3:00:40,12/31/2021,3:00:40 AM,Collar,10/28/2022,5:35:47 PM,-2675608,-4423294,3723746,35.9486937,-121.1693402,275.03,2.8,val. GPS-3D,,6,2,44,6,44,13,41,14,44,19,41,17,41,0,0,0,0,0,0,0,0,0,0,0,0,normal,126,3.34,3.66,13,10665108.62,3979806.651,N/A,N/A
2437,20147,12/31/2021,0:00:39,12/31/2021,12:00:39 AM,Collar,10/28/2022,5:35:47 PM,-2677600,-4422809,3722953,35.9396473,-121.1910106,308.56,2,val. GPS-3D,,7,13,29,17,47,30,35,21,38,7,44,19,44,1,41,0,0,0,0,0,0,0,0,0,0,normal,100,3.36,3.68,21,10663172.56,3978766.664,N/A,N/A
2436,20147,12/30/2021,21:00:38,12/30/2021,9:00:38 PM,Collar,10/28/2022,5:35:47 PM,-2676719,-4422439,3723969,35.9511479,-121.1847813,279.36,1.4,val. GPS-3D,,10,9,47,4,41,16,35,3,32,7,44,8,38,14,38,20,38,27,35,30,44,0,0,0,0,normal,0,3.4,3.68,23,10663710.77,3980052.874,N/A,N/A
2435,20147,12/30/2021,18:00:39,12/30/2021,6:00:39 PM,Collar,10/28/2022,5:35:47 PM,-2676720,-4422438,3723970,35.9511569,-121.1847965,279.68,1.6,val. GPS-3D,,9,3,47,16,41,1,41,6,35,21,41,4,41,9,38,26,41,31,29,0,0,0,0,0,0,normal,1,3.38,3.68,21,10663709.38,3980053.856,N/A,N/A
2434,20147,12/30/2021,15:00:40,12/30/2021,3:00:40 PM,Collar,10/28/2022,5:35:47 PM,-2675335,-4422631,3724725,35.9595849,-121.1705547,276.24,2,val. GPS-3D,,8,1,44,3,44,21,44,31,44,32,44,10,38,8,44,27,32,0,0,0,0,0,0,0,0,normal,15,3.4,3.7,12,10664976.42,3981012.778,N/A,N/A
2433,20147,12/30/2021,12:00:39,12/30/2021,12:00:39 PM,Collar,10/28/2022,5:35:47 PM,-2675292,-4422605,3724794,35.9603238,-121.170296,280.74,2.2,val. GPS-3D,,7,8,44,10,44,23,41,27,47,16,41,18,38,32,29,0,0,0,0,0,0,0,0,0,0,normal,0,3.4,3.7,14,10664998.21,3981095.176,N/A,N/A
2432,20147,12/30/2021,9:00:40,12/30/2021,9:00:40 AM,Collar,10/28/2022,5:35:47 PM,-2675289,-4422599,3724790,35.96033,-121.170302,272.98,1.2,val. GPS-3D,,11,5,44,10,41,18,44,26,44,29,29,25,35,20,29,16,41,15,38,23,41,13,29,0,0,normal,2,3.38,3.7,13,10664997.66,3981095.854,N/A,N/A
2431,20147,12/30/2021,6:00:39,12/30/2021,6:00:39 AM,Collar,10/28/2022,5:35:47 PM,-2675294,-4422603,3724791,35.9603054,-121.1703265,278.43,1.6,val. GPS-3D,,8,2,44,6,32,12,44,25,41,29,41,31,38,5,38,20,29,0,0,0,0,0,0,0,0,normal,0,3.38,3.68,14,10664995.51,3981093.094,N/A,N/A
2430,20147,12/30/2021,3:00:39,12/30/2021,3:00:39 AM,Collar,10/28/2022,5:35:47 PM,-2675709,-4422920,3724122,35.9528533,-121.1724436,279.04,2.2,val. GPS-3D,,7,2,38,6,44,12,38,13,41,14,38,19,44,24,38,0,0,0,0,0,0,0,0,0,0,normal,126,3.36,3.66,17,10664820.05,3980262.832,N/A,N/A
2429,20147,12/30/2021,0:00:39,12/30/2021,12:00:39 AM,Collar,10/28/2022,5:35:47 PM,-2676231,-4422899,3723777,35.9490017,-121.1775142,280.69,4.2,val. GPS-3D,,5,7,44,30,44,14,44,9,44,1,35,0,0,0,0,0,0,0,0,0,0,0,0,0,0,normal,126,3.36,3.68,19,10664370.69,3979827.021,N/A,N/A
2428,20147,12/29/2021,21:00:39,12/29/2021,9:00:39 PM,Collar,10/28/2022,5:35:47 PM,-2674984,-4423754,3723658,35.9476777,-121.160784,280.59,1.4,val. GPS-3D,,9,7,47,9,44,30,47,4,38,16,38,3,29,20,44,27,38,8,35,0,0,0,0,0,0,normal,1,3.38,3.68,26,10665882.52,3979708.459,N/A,N/A
2427,20147,12/29/2021,18:00:39,12/29/2021,6:00:39 PM,Collar,10/28/2022,5:35:47 PM,-2674984,-4423755,3723655,35.9476513,-121.1607783,279.53,1.6,val. GPS-3D,,8,1,38,3,41,16,44,21,38,26,47,6,29,31,38,4,35,0,0,0,0,0,0,0,0,normal,2,3.4,3.7,18,10665883.09,3979705.539,N/A,N/A
2426,20147,12/29/2021,15:00:38,12/29/2021,3:00:38 PM,Collar,10/28/2022,5:35:47 PM,-2674983,-4423750,3723653,35.947662,-121.1607975,274.47,2.4,val. GPS-3D,,7,10,44,21,38,31,47,32,44,8,35,1,38,27,29,0,0,0,0,0,0,0,0,0,0,normal,0,3.42,3.7,8,10665881.34,3979706.702,N/A,N/A
2425,20147,12/29/2021,12:00:39,12/29/2021,12:00:39 PM,Collar,10/28/2022,5:35:47 PM,-2674984,-4423752,3723655,35.9476648,-121.1607955,277.45,1.8,val. GPS-3D,,8,10,41,18,44,23,44,27,38,32,47,8,35,15,41,24,38,0,0,0,0,0,0,0,0,normal,0,3.4,3.7,9,10665881.51,3979707.016,N/A,N/A
2424,20147,12/29/2021,9:00:15,12/29/2021,9:00:15 AM,Collar,10/28/2022,5:35:47 PM,-2675008,-4423707,3723691,35.9480655,-121.1612812,277.46,3.6,val. GPS-3D,,5,5,41,25,41,29,44,20,32,2,35,0,0,0,0,0,0,0,0,0,0,0,0,0,0,normal,0,3.4,3.7,9,10665836.87,3979750.637,N/A,N/A
2423,20147,12/29/2021,6:00:39,12/29/2021,6:00:39 AM,Collar,10/28/2022,5:35:47 PM,-2675008,-4423707,3723691,35.9480655,-121.1612812,277.46,1.8,val. GPS-3D,,8,2,44,5,44,12,47,20,47,25,44,29,38,6,32,24,38,0,0,0,0,0,0,0,0,normal,0,3.38,3.68,14,10665836.87,3979750.637,N/A,N/A
2422,20147,12/29/2021,3:00:15,12/29/2021,3:00:15 AM,Collar,10/28/2022,5:35:47 PM,-2676544,-4422725,3723742,35.9486767,-121.1814806,270.82,3.6,val. GPS-3D,,6,13,41,19,44,17,38,14,32,15,44,30,32,0,0,0,0,0,0,0,0,0,0,0,0,normal,126,3.36,3.66,16,10664013.59,3979784.284,N/A,N/A
2421,20147,12/29/2021,0:00:39,12/29/2021,12:00:39 AM,Collar,10/28/2022,5:35:47 PM,-2674729,-4423927,3723631,35.9473955,-121.1573735,277.78,2,val. GPS-3D,,8,7,44,13,44,14,44,15,44,17,41,19,38,30,47,5,41,0,0,0,0,0,0,0,0,normal,126,3.36,3.68,19,10666190.75,3979682.963,N/A,N/A
2420,20147,12/28/2021,21:00:39,12/28/2021,9:00:39 PM,Collar,10/28/2022,5:35:47 PM,-2674082,-4424252,3723713,35.9482931,-121.1493734,280.11,2,val. GPS-3D,,8,7,47,9,47,16,41,30,41,4,41,8,38,20,41,27,38,0,0,0,0,0,0,0,0,normal,1,3.38,3.68,24,10666910.49,3979796.193,N/A,N/A
2419,20147,12/28/2021,18:00:39,12/28/2021,6:00:39 PM,Collar,10/28/2022,5:35:47 PM,-2674082,-4424252,3723713,35.9482931,-121.1493734,280.11,1.6,val. GPS-3D,,8,3,47,4,44,6,41,16,38,26,41,31,44,1,29,9,35,0,0,0,0,0,0,0,0,normal,0,3.4,3.7,18,10666910.49,3979796.193,N/A,N/A
2418,20147,12/28/2021,15:00:38,12/28/2021,3:00:38 PM,Collar,10/28/2022,5:35:47 PM,-2674082,-4424249,3723712,35.9482994,-121.1493906,277.44,1.8,val. GPS-3D,,8,1,44,3,41,10,38,21,44,32,47,8,35,27,35,31,38,0,0,0,0,0,0,0,0,normal,0,3.42,3.7,14,10666908.93,3979796.861,N/A,N/A
2417,20147,12/28/2021,12:00:39,12/28/2021,12:00:39 PM,Collar,10/28/2022,5:35:47 PM,-2674082,-4424250,3723711,35.9482876,-121.1493848,277.55,1.6,val. GPS-3D,,8,16,32,8,44,10,47,15,44,18,41,23,44,27,47,32,38,0,0,0,0,0,0,0,0,normal,0,3.42,3.7,10,10666909.47,3979795.559,N/A,N/A
2416,20147,12/28/2021,9:00:15,12/28/2021,9:00:15 AM,Collar,10/28/2022,5:35:47 PM,-2674082,-4424250,3723711,35.9482876,-121.1493848,277.55,3.8,val. GPS-3D,,6,5,47,29,47,25,29,20,44,2,35,12,32,0,0,0,0,0,0,0,0,0,0,0,0,normal,0,3.42,3.7,11,10666909.47,3979795.559,N/A,N/A
2415,20147,12/28/2021,6:00:39,12/28/2021,6:00:39 AM,Collar,10/28/2022,5:35:47 PM,-2674081,-4424249,3723711,35.9482948,-121.1493811,276.44,1.8,val. GPS-3D,,8,2,47,12,47,20,41,25,47,29,44,5,38,24,35,6,38,0,0,0,0,0,0,0,0,normal,0,3.4,3.7,12,10666909.79,3979796.371,N/A,N/A
2414,20147,12/28/2021,3:00:15,12/28/2021,3:00:15 AM,Collar,10/28/2022,5:35:47 PM,-2674464,-4424917,3722631,35.9363428,-121.1491843,265.75,3.6,val. GPS-3D,,6,13,41,15,44,19,44,17,44,14,29,30,32,0,0,0,0,0,0,0,0,0,0,0,0,normal,126,3.36,3.66,14,10666952.69,3978470.849,N/A,N/A
2413,20147,12/28/2021,0:00:39,12/28/2021,12:00:39 AM,Collar,10/28/2022,5:35:47 PM,-2674350,-4424300,3723462,35.9455111,-121.1516402,278.25,1.8,val. GPS-3D,,9,7,38,9,35,13,47,14,44,17,41,19,44,30,47,5,38,15,44,0,0,0,0,0,0,normal,126,3.36,3.68,20,10666711.87,3979483.706,N/A,N/A
2412,20147,12/27/2021,21:00:39,12/27/2021,9:00:39 PM,Collar,10/28/2022,5:35:47 PM,-2674083,-4424254,3723715,35.9482959,-121.1493714,283.09,1.8,val. GPS-3D,,9,3,44,7,41,9,44,16,38,30,38,4,41,8,41,27,38,14,41,0,0,0,0,0,0,normal,0,3.38,3.68,22,10666910.66,3979796.507,N/A,N/A
2411,20147,12/27/2021,18:00:39,12/27/2021,6:00:39 PM,Collar,10/28/2022,5:35:47 PM,-2674083,-4424251,3723713,35.9482949,-121.1493886,279.84,1.6,val. GPS-3D,,9,3,44,16,44,21,41,26,44,1,41,6,38,4,41,9,29,31,38,0,0,0,0,0,0,normal,3,3.38,3.68,15,10666909.11,3979796.365,N/A,N/A
2410,20147,12/27/2021,15:00:40,12/27/2021,3:00:40 PM,Collar,10/28/2022,5:35:47 PM,-2674082,-4424249,3723711,35.9482921,-121.1493906,276.86,1.8,val. GPS-3D,,7,32,50,21,44,10,41,8,35,1,44,31,41,3,38,0,0,0,0,0,0,0,0,0,0,normal,1,3.4,3.7,14,10666908.94,3979796.051,N/A,N/A
2409,20147,12/27/2021,12:00:39,12/27/2021,12:00:39 PM,Collar,10/28/2022,5:35:47 PM,-2674082,-4424250,3723712,35.9482949,-121.1493848,278.14,1.8,val. GPS-3D,,7,8,44,10,50,18,44,23,47,15,41,24,38,32,38,0,0,0,0,0,0,0,0,0,0,normal,0,3.4,3.7,10,10666909.45,3979796.368,N/A,N/A
2408,20147,12/27/2021,9:00:14,12/27/2021,9:00:14 AM,Collar,10/28/2022,5:35:47 PM,-2674083,-4424251,3723711,35.9482803,-121.1493886,278.66,4,val. GPS-3D,,6,5,47,20,44,25,38,29,44,2,41,12,29,0,0,0,0,0,0,0,0,0,0,0,0,normal,1,3.4,3.7,12,10666909.14,3979794.747,N/A,N/A
2407,20147,12/27/2021,6:00:39,12/27/2021,6:00:39 AM,Collar,10/28/2022,5:35:47 PM,-2674081,-4424248,3723710,35.9482921,-121.1493868,275.16,1.4,val. GPS-3D,,9,2,47,6,44,12,47,19,35,20,44,24,38,25,44,29,44,5,38,0,0,0,0,0,0,normal,0,3.38,3.68,10,10666909.28,3979796.054,N/A,N/A
2406,20147,12/27/2021,3:00:14,12/27/2021,3:00:14 AM,Collar,10/28/2022,5:35:47 PM,-2674417,-4423986,3723773,35.9490184,-121.154076,271.34,3.4,val. GPS-3D,,6,13,32,14,44,19,44,30,41,17,44,15,32,0,0,0,0,0,0,0,0,0,0,0,0,normal,126,3.36,3.66,14,10666484.79,3979868.611,N/A,N/A
2405,20147,12/27/2021,0:00:39,12/27/2021,12:00:39 AM,Collar,10/28/2022,5:35:47 PM,-2675655,-4423244,3723772,35.948981,-121.1700728,275.35,1.2,val. GPS-3D,,10,5,32,13,44,14,44,15,38,17,44,19,38,30,47,7,44,8,41,9,35,0,0,0,0,normal,126,3.36,3.68,18,10665041.95,3979837.285,N/A,N/A
2404,20147,12/26/2021,21:00:39,12/26/2021,9:00:39 PM,Collar,10/28/2022,5:35:47 PM,-2674039,-4424292,3723700,35.9481348,-121.1487362,282.18,2,val. GPS-3D,,7,4,44,7,41,9,44,30,32,16,41,8,38,3,41,0,0,0,0,0,0,0,0,0,0,normal,116,3.38,3.68,26,10666968.3,3979779.725,N/A,N/A
2403,20147,12/26/2021,18:00:39,12/26/2021,6:00:39 PM,Collar,10/28/2022,5:35:47 PM,-2674097,-4424247,3723711,35.9482601,-121.1495443,281.75,2,val. GPS-3D,,8,1,44,3,47,4,44,16,38,21,44,9,44,31,29,26,41,0,0,0,0,0,0,0,0,normal,13,3.38,3.68,24,10666895.14,3979792.239,N/A,N/A
2402,20147,12/26/2021,15:00:38,12/26/2021,3:00:38 PM,Collar,10/28/2022,5:35:47 PM,-2674081,-4424252,3723713,35.9482958,-121.1493639,279.69,1.8,val. GPS-3D,,7,1,38,8,41,10,44,21,41,23,41,31,47,32,44,0,0,0,0,0,0,0,0,0,0,normal,0,3.38,3.7,9,10666911.34,3979796.513,N/A,N/A
2401,20147,12/26/2021,12:00:39,12/26/2021,12:00:39 PM,Collar,10/28/2022,5:35:47 PM,-2674083,-4424250,3723711,35.9482848,-121.1493943,277.97,1.6,val. GPS-3D,,8,10,44,15,38,18,44,23,41,32,44,16,35,8,32,24,32,0,0,0,0,0,0,0,0,normal,7,3.38,3.68,14,10666908.62,3979795.239,N/A,N/A
2400,20147,12/26/2021,9:00:15,12/26/2021,9:00:15 AM,Collar,10/28/2022,5:35:47 PM,-2674081,-4424251,3723710,35.9482785,-121.1493696,277.24,4.2,val. GPS-3D,,6,5,44,12,44,25,41,29,47,20,35,2,29,0,0,0,0,0,0,0,0,0,0,0,0,normal,2,3.4,3.68,13,10666910.86,3979794.577,N/A,N/A
2399,20147,12/26/2021,6:00:39,12/26/2021,6:00:39 AM,Collar,10/28/2022,5:35:47 PM,-2674082,-4424251,3723711,35.948283,-121.1493791,278.24,1.8,val. GPS-3D,,8,2,41,5,44,12,44,20,44,29,41,25,41,24,32,6,32,0,0,0,0,0,0,0,0,normal,0,3.4,3.7,13,10666909.99,3979795.067,N/A,N/A
2398,20147,12/26/2021,3:00:14,12/26/2021,3:00:14 AM,Collar,10/28/2022,5:35:47 PM,-2674078,-4424243,3723710,35.9483229,-121.149387,270.44,5.6,val. GPS-3D,,5,13,35,14,38,17,41,19,44,30,32,0,0,0,0,0,0,0,0,0,0,0,0,0,0,normal,11,3.38,3.68,18,10666909.2,3979799.476,N/A,N/A
2397,20147,12/26/2021,0:00:39,12/26/2021,12:00:39 AM,Collar,10/28/2022,5:35:47 PM,-2674422,-4423988,3723780,35.9490467,-121.1541119,278.93,1.4,val. GPS-3D,,10,14,41,17,47,19,44,30,47,1,38,7,41,21,29,9,44,5,41,13,38,0,0,0,0,normal,126,3.36,3.66,13,10666481.48,3979871.692,N/A,N/A
2396,20147,12/25/2021,21:00:39,12/25/2021,9:00:39 PM,Collar,10/28/2022,5:35:47 PM,-2675007,-4423710,3723695,35.9480838,-121.1612545,281.47,2.2,val. GPS-3D,,7,4,44,7,44,9,47,16,44,3,35,8,35,30,35,0,0,0,0,0,0,0,0,0,0,normal,22,3.38,3.68,17,10665839.24,3979752.716,N/A,N/A
2395,20147,12/25/2021,18:00:39,12/25/2021,6:00:39 PM,Collar,10/28/2022,5:35:47 PM,-2675008,-4423709,3723694,35.9480783,-121.1612697,280.61,1.6,val. GPS-3D,,9,1,41,3,47,4,44,26,41,31,47,16,38,21,38,6,32,9,35,0,0,0,0,0,0,normal,0,3.38,3.68,15,10665837.87,3979752.08,N/A,N/A
2394,20147,12/25/2021,15:00:39,12/25/2021,3:00:39 PM,Collar,10/28/2022,5:35:47 PM,-2675007,-4423707,3723691,35.9480682,-121.1612717,277.04,2,val. GPS-3D,,7,1,41,8,41,10,44,21,44,23,41,31,41,32,47,0,0,0,0,0,0,0,0,0,0,normal,4,3.36,3.68,14,10665837.72,3979750.957,N/A,N/A
2393,20147,12/25/2021,12:01:38,12/25/2021,12:01:38 PM,Collar,10/28/2022,5:35:47 PM,,,,,,,0,No Fix,,0,0,0,0,0,0,0,0,0,0,0,0,0,0,0,0,0,0,0,0,0,0,0,0,0,normal,126,3.36,3.68,15,31166021.45,0,N/A,N/A
2392,20147,12/25/2021,9:00:38,12/25/2021,9:00:38 AM,Collar,10/28/2022,5:35:47 PM,-2676359,-4424991,3721327,35.9213073,-121.1667285,345.8,2.8,val. GPS-3D,,7,2,41,5,41,13,41,15,41,29,35,20,41,12,29,0,0,0,0,0,0,0,0,0,0,normal,0,3.38,3.68,14,10665401.27,3976773.066,N/A,N/A
2391,20147,12/25/2021,6:00:39,12/25/2021,6:00:39 AM,Collar,10/28/2022,5:35:47 PM,-2676361,-4424991,3721330,35.9213237,-121.1667475,348.4,1.6,val. GPS-3D,,7,2,41,6,32,12,41,19,38,29,35,24,29,20,35,0,0,0,0,0,0,0,0,0,0,normal,0,3.36,3.68,18,10665399.52,3976774.856,N/A,N/A
2390,20147,12/25/2021,3:00:39,12/25/2021,3:00:39 AM,Collar,10/28/2022,5:35:47 PM,-2676369,-4424994,3721326,35.921259,-121.1668061,351.48,2.8,val. GPS-3D,,6,14,35,13,29,6,38,15,38,19,44,24,35,0,0,0,0,0,0,0,0,0,0,0,0,normal,0,3.36,3.68,19,10665394.37,3976767.584,N/A,N/A
2389,20147,12/25/2021,0:00:39,12/25/2021,12:00:39 AM,Collar,10/28/2022,5:35:47 PM,-2678114,-4424826,3720338,35.9100326,-121.1843098,387.1,3.2,val. GPS-3D,,6,7,44,13,38,14,44,17,41,30,47,28,44,0,0,0,0,0,0,0,0,0,0,0,0,normal,126,3.36,3.68,21,10663838.14,3975492.715,N/A,N/A
2388,20147,12/24/2021,21:00:39,12/24/2021,9:00:39 PM,Collar,10/28/2022,5:35:47 PM,-2678635,-4424670,3720197,35.9082828,-121.190142,414.83,1.6,val. GPS-3D,,8,4,41,7,47,9,47,16,41,20,38,30,44,8,38,3,35,0,0,0,0,0,0,0,0,normal,2,3.38,3.68,24,10663315.42,3975288.839,N/A,N/A
2387,20147,12/24/2021,18:00:39,12/24/2021,6:00:39 PM,Collar,10/28/2022,5:35:47 PM,-2678635,-4424666,3720195,35.9082863,-121.1901649,410.88,3.2,val. GPS-3D,,7,1,41,16,41,26,44,31,44,21,32,3,41,4,35,0,0,0,0,0,0,0,0,0,0,normal,49,3.38,3.68,24,10663313.34,3975289.187,N/A,N/A
2386,20147,12/24/2021,15:00:40,12/24/2021,3:00:40 PM,Collar,10/28/2022,5:35:47 PM,-2678634,-4424665,3720193,35.9082789,-121.1901612,408.6,2.2,val. GPS-3D,,6,32,44,10,38,21,35,23,29,1,29,31,35,0,0,0,0,0,0,0,0,0,0,0,0,normal,0,3.4,3.7,23,10663313.7,3975288.38,N/A,N/A
2385,20147,12/24/2021,12:00:39,12/24/2021,12:00:39 PM,Collar,10/28/2022,5:35:47 PM,-2678634,-4424663,3720195,35.9083026,-121.1901726,408.39,2.8,val. GPS-3D,,6,10,41,23,38,18,38,32,35,15,29,29,32,0,0,0,0,0,0,0,0,0,0,0,0,normal,0,3.38,3.68,24,10663312.61,3975290.983,N/A,N/A
2384,20147,12/24/2021,9:00:15,12/24/2021,9:00:15 AM,Collar,10/28/2022,5:35:47 PM,-2678636,-4424669,3720191,35.9082408,-121.1901572,411.04,4.8,val. GPS-3D,,6,29,44,5,44,25,35,20,38,12,29,2,32,0,0,0,0,0,0,0,0,0,0,0,0,normal,10,3.38,3.68,18,10663314.13,3975284.153,N/A,N/A
2383,20147,12/24/2021,6:00:39,12/24/2021,6:00:39 AM,Collar,10/28/2022,5:35:47 PM,-2678443,-4424903,3720022,35.9064774,-121.1869859,393.11,1.6,val. GPS-3D,,9,2,44,6,44,12,47,25,44,24,38,5,41,19,38,20,41,29,41,0,0,0,0,0,0,normal,5,3.38,3.68,17,10663603.96,3975093.853,N/A,N/A
2382,20147,12/24/2021,3:00:17,12/24/2021,3:00:17 AM,Collar,10/28/2022,5:35:47 PM,-2678443,-4424902,3720020,35.9064674,-121.1869917,391.24,5.4,val. GPS-3D,,5,13,44,14,41,17,44,19,44,30,35,0,0,0,0,0,0,0,0,0,0,0,0,0,0,normal,1,3.38,3.68,20,10663603.46,3975092.725,N/A,N/A
2381,20147,12/24/2021,0:00:39,12/24/2021,12:00:39 AM,Collar,10/28/2022,5:35:47 PM,-2678295,-4424831,3720234,35.9087555,-121.1859964,405.48,1.8,val. GPS-3D,,8,9,38,14,44,17,38,19,32,1,41,30,44,13,38,21,41,0,0,0,0,0,0,0,0,normal,126,3.36,3.68,21,10663688.57,3975348.217,N/A,N/A
2380,20147,12/23/2021,21:00:39,12/23/2021,9:00:39 PM,Collar,10/28/2022,5:35:47 PM,-2678483,-4424804,3720137,35.907655,-121.1879329,408.73,1.8,val. GPS-3D,,7,4,41,7,44,9,44,16,38,30,41,20,35,3,38,0,0,0,0,0,0,0,0,0,0,normal,2,3.36,3.68,20,10663516.08,3975222.895,N/A,N/A
2379,20147,12/23/2021,18:00:39,12/23/2021,6:00:39 PM,Collar,10/28/2022,5:35:47 PM,-2678501,-4424809,3720111,35.9073934,-121.1880748,404.5,2.2,val. GPS-3D,,6,1,38,3,44,4,44,9,38,26,38,31,44,0,0,0,0,0,0,0,0,0,0,0,0,normal,97,3.36,3.68,17,10663503.81,3975193.632,N/A,N/A
2378,20147,12/23/2021,15:00:40,12/23/2021,3:00:40 PM,Collar,10/28/2022,5:35:47 PM,-2678501,-4424807,3720108,35.9073805,-121.1880862,401.35,1.6,val. GPS-3D,,7,1,41,10,44,21,47,31,44,32,47,8,32,23,29,0,0,0,0,0,0,0,0,0,0,normal,8,3.38,3.68,19,10663502.8,3975192.187,N/A,N/A
2377,20147,12/23/2021,12:00:39,12/23/2021,12:00:39 PM,Collar,10/28/2022,5:35:47 PM,-2678501,-4424807,3720109,35.9073878,-121.1880862,401.94,1.6,val. GPS-3D,,7,10,41,15,47,18,44,23,41,8,38,26,32,32,32,0,0,0,0,0,0,0,0,0,0,normal,16,3.36,3.68,19,10663502.78,3975192.996,N/A,N/A
2376,20147,12/23/2021,9:00:15,12/23/2021,9:00:15 AM,Collar,10/28/2022,5:35:47 PM,-2678502,-4424806,3720109,35.9073896,-121.1881014,401.66,5,val. GPS-3D,,6,5,47,20,44,29,41,25,41,12,35,2,38,0,0,0,0,0,0,0,0,0,0,0,0,normal,1,3.4,3.68,19,10663501.41,3975193.169,N/A,N/A
2375,20147,12/23/2021,6:00:39,12/23/2021,6:00:39 AM,Collar,10/28/2022,5:35:47 PM,-2678445,-4424904,3720022,35.9064674,-121.1869991,394.64,1.6,val. GPS-3D,,9,2,44,6,47,12,44,19,38,20,41,25,41,24,38,5,35,29,35,0,0,0,0,0,0,normal,13,3.38,3.68,18,10663602.79,3975092.722,N/A,N/A
2374,20147,12/23/2021,3:00:15,12/23/2021,3:00:15 AM,Collar,10/28/2022,5:35:47 PM,-2678445,-4424905,3720023,35.9064702,-121.1869934,395.92,5.4,val. GPS-3D,,5,13,44,15,44,30,38,17,38,14,38,0,0,0,0,0,0,0,0,0,0,0,0,0,0,normal,2,3.38,3.68,19,10663603.3,3975093.04,N/A,N/A
2373,20147,12/23/2021,0:00:39,12/23/2021,12:00:39 AM,Collar,10/28/2022,5:35:47 PM,-2677508,-4424361,3721267,35.9205747,-121.1812335,355.74,2,val. GPS-3D,,7,5,41,7,44,13,44,14,47,15,29,30,44,17,41,0,0,0,0,0,0,0,0,0,0,normal,126,3.36,3.68,17,10664093.98,3976667.321,N/A,N/A
2372,20147,12/22/2021,21:00:37,12/22/2021,9:00:37 PM,Collar,10/28/2022,5:35:47 PM,-2677306,-4423002,3722923,35.9393604,-121.1871158,301.35,2,val. GPS-3D,,6,4,44,7,38,9,47,16,44,20,38,8,35,0,0,0,0,0,0,0,0,0,0,0,0,normal,126,3.36,3.68,19,10663524.5,3978741.36,N/A,N/A
2371,20147,12/22/2021,18:00:39,12/22/2021,6:00:39 PM,Collar,10/28/2022,5:35:47 PM,-2677264,-4423586,3722400,35.9330168,-121.1833666,381.32,4,val. GPS-3D,,6,3,41,4,35,26,41,1,35,16,29,31,35,0,0,0,0,0,0,0,0,0,0,0,0,normal,6,3.38,3.68,16,10663875.82,3978043.95,N/A,N/A
2370,20147,12/22/2021,15:00:39,12/22/2021,3:00:39 PM,Collar,10/28/2022,5:35:47 PM,-2677263,-4423586,3722401,35.9330268,-121.1833571,381.49,2.8,val. GPS-3D,,5,10,38,21,41,23,29,1,32,31,32,0,0,0,0,0,0,0,0,0,0,0,0,0,0,normal,0,3.4,3.7,15,10663876.65,3978045.08,N/A,N/A
2369,20147,12/22/2021,12:00:39,12/22/2021,12:00:39 PM,Collar,10/28/2022,5:35:47 PM,-2677263,-4423587,3722402,35.9330296,-121.1833514,382.77,3.6,val. GPS-3D,,5,10,47,16,35,18,41,23,38,15,35,0,0,0,0,0,0,0,0,0,0,0,0,0,0,normal,0,3.4,3.7,15,10663877.16,3978045.397,N/A,N/A
2368,20147,12/22/2021,9:00:15,12/22/2021,9:00:15 AM,Collar,10/28/2022,5:35:47 PM,-2677262,-4423586,3722399,35.933015,-121.1833476,379.9,5.2,val. GPS-3D,,6,20,35,29,44,5,38,25,38,12,32,2,29,0,0,0,0,0,0,0,0,0,0,0,0,normal,0,3.4,3.7,17,10663877.53,3978043.78,N/A,N/A
2367,20147,12/22/2021,6:00:39,12/22/2021,6:00:39 AM,Collar,10/28/2022,5:35:47 PM,-2677263,-4423585,3722398,35.9330095,-121.1833629,379.04,2,val. GPS-3D,,7,12,44,25,35,29,38,2,41,5,35,20,32,6,32,0,0,0,0,0,0,0,0,0,0,normal,0,3.38,3.68,18,10663876.17,3978043.143,N/A,N/A
2366,20147,12/22/2021,3:00:16,12/22/2021,3:00:16 AM,Collar,10/28/2022,5:35:47 PM,-2677266,-4423571,3722413,35.933174,-121.1834716,379.4,3,val. GPS-3D,,6,15,44,17,38,19,41,14,29,13,29,30,29,0,0,0,0,0,0,0,0,0,0,0,0,normal,0,3.4,3.68,19,10663866.02,3978061.218,N/A,N/A
2365,20147,12/22/2021,0:00:39,12/22/2021,12:00:39 AM,Collar,10/28/2022,5:35:47 PM,-2677460,-4423543,3722335,35.9322003,-121.1854713,395.57,1.4,val. GPS-3D,,9,5,38,7,47,8,35,13,41,14,44,17,41,30,47,19,35,20,29,0,0,0,0,0,0,normal,126,3.36,3.68,21,10663687.62,3977949.846,N/A,N/A
2364,20147,12/21/2021,21:00:39,12/21/2021,9:00:39 PM,Collar,10/28/2022,5:35:47 PM,-2677262,-4423582,3722404,35.9330696,-121.1833706,380.06,1.8,val. GPS-3D,,7,4,41,7,41,16,44,9,41,3,29,20,32,30,29,0,0,0,0,0,0,0,0,0,0,normal,0,3.36,3.68,18,10663875.35,3978049.797,N/A,N/A
2363,20147,12/21/2021,18:00:39,12/21/2021,6:00:39 PM,Collar,10/28/2022,5:35:47 PM,-2677264,-4423592,3722401,35.9329969,-121.1833322,386.07,4.2,val. GPS-3D,,6,1,38,26,35,21,29,3,44,31,41,4,38,0,0,0,0,0,0,0,0,0,0,0,0,normal,0,3.38,3.68,13,10663878.96,3978041.806,N/A,N/A
2362,20147,12/21/2021,15:00:39,12/21/2021,3:00:39 PM,Collar,10/28/2022,5:35:47 PM,-2677272,-4423574,3722398,35.9330346,-121.1835113,375.19,1.6,val. GPS-3D,,7,1,41,8,35,10,47,31,41,21,47,32,47,23,32,0,0,0,0,0,0,0,0,0,0,normal,21,3.38,3.68,12,10663862.73,3978045.681,N/A,N/A
2361,20147,12/21/2021,12:00:39,12/21/2021,12:00:39 PM,Collar,10/28/2022,5:35:47 PM,-2677261,-4423583,3722401,35.9330459,-121.1833554,378.58,1.8,val. GPS-3D,,7,16,41,29,29,26,29,15,35,23,35,8,38,18,35,0,0,0,0,0,0,0,0,0,0,normal,0,3.38,3.7,8,10663876.77,3978047.196,N/A,N/A
2360,20147,12/21/2021,9:00:26,12/21/2021,9:00:26 AM,Collar,10/28/2022,5:35:47 PM,-2677271,-4423563,3722396,35.9330725,-121.1835649,365.98,7.8,val. GPS-3D,,5,29,35,25,29,20,32,12,29,2,29,0,0,0,0,0,0,0,0,0,0,0,0,0,0,normal,5,3.38,3.68,14,10663857.81,3978049.797,N/A,N/A
2359,20147,12/21/2021,6:00:39,12/21/2021,6:00:39 AM,Collar,10/28/2022,5:35:47 PM,-2677261,-4423584,3722396,35.9330049,-121.1833496,376.33,2.2,val. GPS-3D,,7,20,38,2,38,6,38,12,35,25,35,29,32,24,29,0,0,0,0,0,0,0,0,0,0,normal,0,3.38,3.7,15,10663877.37,3978042.656,N/A,N/A
2358,20147,12/21/2021,3:00:40,12/21/2021,3:00:40 AM,Collar,10/28/2022,5:35:47 PM,-2677261,-4423583,3722394,35.9329948,-121.1833554,374.47,1.8,val. GPS-3D,,7,12,44,15,38,14,35,13,41,30,29,19,38,24,35,0,0,0,0,0,0,0,0,0,0,normal,1,3.36,3.68,14,10663876.88,3978041.53,N/A,N/A
2357,20147,12/21/2021,0:00:39,12/21/2021,12:00:39 AM,Collar,10/28/2022,5:35:47 PM,-2677222,-4423974,3721903,35.9277497,-121.1807425,340.86,2.8,val. GPS-3D,,6,7,47,8,41,14,41,30,47,5,32,13,29,0,0,0,0,0,0,0,0,0,0,0,0,normal,0,3.36,3.66,18,10664123.45,3977464.074,N/A,N/A
2356,20147,12/20/2021,21:01:39,12/20/2021,9:01:39 PM,Collar,10/28/2022,5:35:47 PM,,,,,,,0,No Fix,,0,0,0,0,0,0,0,0,0,0,0,0,0,0,0,0,0,0,0,0,0,0,0,0,0,normal,126,3.32,3.66,14,31166021.45,0,N/A,N/A
2355,20147,12/20/2021,18:00:37,12/20/2021,6:00:37 PM,Collar,10/28/2022,5:35:47 PM,-2678995,-4417066,3728760,36.0041728,-121.2372333,329.6,2.2,val. GPS-3D,,7,31,41,1,38,26,32,21,32,16,38,4,38,9,32,0,0,0,0,0,0,0,0,0,0,Mortality no radius,0,3.36,3.68,12,10658873.42,3985848.211,N/A,N/A
2354,20147,12/20/2021,15:01:24,12/20/2021,3:01:24 PM,Collar,10/28/2022,5:35:47 PM,-2676281,-4421695,3725153,35.9643532,-121.184898,275.8,2.2,val. GPS-3D,,5,32,32,10,29,8,29,1,29,23,29,0,0,0,0,0,0,0,0,0,0,0,0,0,0,Mortality no radius,0,3.3,3.66,1,10663672.98,3981517.561,N/A,N/A
2353,20147,12/20/2021,12:01:08,12/20/2021,12:01:08 PM,Collar,10/28/2022,5:35:47 PM,-2676288,-4421697,3725168,35.9644344,-121.1849529,288.93,1.8,val. GPS-3D,,6,18,29,26,29,8,29,32,32,10,29,15,29,0,0,0,0,0,0,0,0,0,0,0,0,Mortality no radius,0,3.3,3.66,2,10663667.86,3981526.473,N/A,N/A
2352,20147,12/20/2021,9:00:47,12/20/2021,9:00:47 AM,Collar,10/28/2022,5:35:47 PM,-2676306,-4421713,3725161,35.9642615,-121.1850318,303.44,4.4,val. GPS-3D,,5,29,29,5,29,25,29,18,29,12,29,0,0,0,0,0,0,0,0,0,0,0,0,0,0,Mortality no radius,0,3.32,3.66,4,10663661.11,3981507.168,N/A,N/A
2351,20147,12/20/2021,6:01:06,12/20/2021,6:01:06 AM,Collar,10/28/2022,5:35:47 PM,-2676281,-4421692,3725163,35.9644397,-121.1849153,279.6,2.4,val. GPS-3D,,6,6,32,29,29,25,29,5,29,12,29,24,32,0,0,0,0,0,0,0,0,0,0,0,0,Mortality no radius,0,3.32,3.66,8,10663671.25,3981527.13,N/A,N/A
2350,20147,12/20/2021,3:01:39,12/20/2021,3:01:39 AM,Collar,10/28/2022,5:35:47 PM,,,,,,,0,No Fix,,0,0,0,0,0,0,0,0,0,0,0,0,0,0,0,0,0,0,0,0,0,0,0,0,0,Mortality no radius,0,3.32,3.66,13,31166021.45,0,N/A,N/A
2349,20147,12/20/2021,0:01:39,12/20/2021,12:01:39 AM,Collar,10/28/2022,5:35:47 PM,,,,,,,0,No Fix,,0,0,0,0,0,0,0,0,0,0,0,0,0,0,0,0,0,0,0,0,0,0,0,0,0,Mortality no radius,0,3.32,3.66,14,31166021.45,0,N/A,N/A
2348,20147,12/19/2021,21:01:38,12/19/2021,9:01:38 PM,Collar,10/28/2022,5:35:47 PM,,,,,,,0,No Fix,,0,0,0,0,0,0,0,0,0,0,0,0,0,0,0,0,0,0,0,0,0,0,0,0,0,Mortality no radius,0,3.3,3.66,8,31166021.45,0,N/A,N/A
2347,20147,12/19/2021,18:03:00,12/19/2021,6:03:00 PM,Collar,10/28/2022,5:35:47 PM,-2676300,-4421704,3725170,35.9643844,-121.1850266,299.98,5.4,GPS-3D,,4,3,32,21,29,4,29,31,29,0,0,0,0,0,0,0,0,0,0,0,0,0,0,0,0,Mortality no radius,0,3.28,3.66,1,10663661.33,3981520.804,N/A,N/A
2346,20147,12/19/2021,15:01:27,12/19/2021,3:01:27 PM,Collar,10/28/2022,5:35:47 PM,-2676304,-4421722,3725174,35.9643211,-121.1849612,316.47,4.2,val. GPS-3D,,5,10,29,21,32,31,29,8,32,32,29,0,0,0,0,0,0,0,0,0,0,0,0,0,0,Mortality no radius,0,3.3,3.66,1,10663667.36,3981513.893,N/A,N/A
2345,20147,12/19/2021,12:01:38,12/19/2021,12:01:38 PM,Collar,10/28/2022,5:35:47 PM,,,,,,,0,No Fix,,0,0,0,0,0,0,0,0,0,0,0,0,0,0,0,0,0,0,0,0,0,0,0,0,0,Mortality no radius,0,3.28,3.66,3,31166021.45,0,N/A,N/A
2344,20147,12/19/2021,9:00:58,12/19/2021,9:00:58 AM,Collar,10/28/2022,5:35:47 PM,-2676289,-4421702,3725166,35.9643944,-121.1849337,291.64,1.8,val. GPS-3D,,8,5,29,25,32,20,29,26,29,23,32,15,29,29,29,18,29,0,0,0,0,0,0,0,0,Mortality no radius,0,3.3,3.66,6,10663669.68,3981522.072,N/A,N/A
2343,20147,12/19/2021,6:01:40,12/19/2021,6:01:40 AM,Collar,10/28/2022,5:35:47 PM,-2676279,-4421691,3725159,35.9644205,-121.184902,275.72,2.4,val. GPS-3D,,6,6,29,24,29,2,29,5,29,20,29,25,32,0,0,0,0,0,0,0,0,0,0,0,0,Mortality no radius,0,3.3,3.66,9,10663672.48,3981525.026,N/A,N/A
2342,20147,12/19/2021,3:01:39,12/19/2021,3:01:39 AM,Collar,10/28/2022,5:35:47 PM,,,,,,,0,No Fix,,0,0,0,0,0,0,0,0,0,0,0,0,0,0,0,0,0,0,0,0,0,0,0,0,0,Mortality no radius,0,3.32,3.68,12,31166021.45,0,N/A,N/A
2341,20147,12/19/2021,0:01:39,12/19/2021,12:01:39 AM,Collar,10/28/2022,5:35:47 PM,,,,,,,0,No Fix,,0,0,0,0,0,0,0,0,0,0,0,0,0,0,0,0,0,0,0,0,0,0,0,0,0,Mortality no radius,0,3.32,3.66,17,31166021.45,0,N/A,N/A
2340,20147,12/18/2021,21:01:39,12/18/2021,9:01:39 PM,Collar,10/28/2022,5:35:47 PM,,,,,,,0,No Fix,,0,0,0,0,0,0,0,0,0,0,0,0,0,0,0,0,0,0,0,0,0,0,0,0,0,Mortality no radius,0,3.32,3.66,13,31166021.45,0,N/A,N/A
2339,20147,12/18/2021,18:03:00,12/18/2021,6:03:00 PM,Collar,10/28/2022,5:35:47 PM,-2676302,-4421713,3725173,35.96436,-121.1849939,308.81,6,GPS-3D,,4,3,29,31,29,21,29,4,29,0,0,0,0,0,0,0,0,0,0,0,0,0,0,0,0,Mortality no radius,0,3.3,3.66,6,10663664.33,3981518.158,N/A,N/A
2338,20147,12/18/2021,15:01:06,12/18/2021,3:01:06 PM,Collar,10/28/2022,5:35:47 PM,-2676288,-4421701,3725164,35.9643871,-121.18493,289.35,3,val. GPS-3D,,5,32,32,10,29,21,32,23,29,8,29,0,0,0,0,0,0,0,0,0,0,0,0,0,0,Mortality no radius,0,3.3,3.66,7,10663670.03,3981521.266,N/A,N/A
2337,20147,12/18/2021,12:01:36,12/18/2021,12:01:36 PM,Collar,10/28/2022,5:35:47 PM,-2676287,-4421700,3725165,35.9644016,-121.1849262,288.83,2.4,val. GPS-3D,,5,23,29,10,32,16,29,29,29,15,32,0,0,0,0,0,0,0,0,0,0,0,0,0,0,Mortality no radius,0,3.3,3.66,7,10663670.34,3981522.888,N/A,N/A
2336,20147,12/18/2021,9:00:44,12/18/2021,9:00:44 AM,Collar,10/28/2022,5:35:47 PM,-2676304,-4421694,3725167,35.9643968,-121.1851219,292.97,3.4,val. GPS-3D,,5,29,29,25,32,12,29,2,29,23,32,0,0,0,0,0,0,0,0,0,0,0,0,0,0,Mortality no radius,0,3.32,3.66,7,10663652.7,3981522.023,N/A,N/A
2335,20147,12/18/2021,6:01:30,12/18/2021,6:01:30 AM,Collar,10/28/2022,5:35:47 PM,-2676284,-4421691,3725164,35.9644433,-121.1849495,280.75,3.2,val. GPS-3D,,5,25,29,2,29,6,29,12,29,29,29,0,0,0,0,0,0,0,0,0,0,0,0,0,0,Mortality no radius,0,3.32,3.66,9,10663668.16,3981527.472,N/A,N/A
2334,20147,12/18/2021,3:01:09,12/18/2021,3:01:09 AM,Collar,10/28/2022,5:35:47 PM,-2676280,-4421695,3725162,35.9644216,-121.1848886,280.67,8.4,val. GPS-3D,,5,13,29,30,29,15,32,24,32,6,29,0,0,0,0,0,0,0,0,0,0,0,0,0,0,Mortality no radius,0,3.32,3.66,12,10663673.7,3981525.163,N/A,N/A
2333,20147,12/18/2021,0:02:31,12/18/2021,12:02:31 AM,Collar,10/28/2022,5:35:47 PM,-2676282,-4421694,3725160,35.964406,-121.1849133,279.64,2.4,val. GPS-3D,,5,30,32,9,29,13,32,46,35,8,29,0,0,0,0,0,0,0,0,0,0,0,0,0,0,Mortality no radius,0,3.32,3.68,16,10663671.5,3981523.398,N/A,N/A
2332,20147,12/17/2021,21:01:38,12/17/2021,9:01:38 PM,Collar,10/28/2022,5:35:47 PM,,,,,,,0,No Fix,,0,0,0,0,0,0,0,0,0,0,0,0,0,0,0,0,0,0,0,0,0,0,0,0,0,Mortality no radius,0,3.32,3.66,13,31166021.45,0,N/A,N/A
2331,20147,12/17/2021,18:01:21,12/17/2021,6:01:21 PM,Collar,10/28/2022,5:35:47 PM,-2676289,-4421701,3725172,35.9644427,-121.1849395,294.47,4.4,val. GPS-3D,,5,3,29,1,29,4,29,16,29,21,35,0,0,0,0,0,0,0,0,0,0,0,0,0,0,Mortality no radius,0,3.3,3.66,3,10663669.06,3981527.419,N/A,N/A
2330,20147,12/17/2021,15:03:00,12/17/2021,3:03:00 PM,Collar,10/28/2022,5:35:47 PM,-2676302,-4421720,3725177,35.9643575,-121.1849537,316.01,4.8,GPS-3D,,4,23,29,21,32,8,29,10,29,0,0,0,0,0,0,0,0,0,0,0,0,0,0,0,0,Mortality no radius,0,3.3,3.66,4,10663667.96,3981517.946,N/A,N/A
2329,20147,12/17/2021,12:01:39,12/17/2021,12:01:39 PM,Collar,10/28/2022,5:35:47 PM,,,,,,,0,No Fix,,0,0,0,0,0,0,0,0,0,0,0,0,0,0,0,0,0,0,0,0,0,0,0,0,0,Mortality no radius,0,3.3,3.66,4,31166021.45,0,N/A,N/A
2328,20147,12/17/2021,9:00:38,12/17/2021,9:00:38 AM,Collar,10/28/2022,5:35:47 PM,-2676281,-4421679,3725159,35.9644694,-121.1849899,268.25,3,val. GPS-3D,,6,25,29,20,29,18,29,2,29,12,32,23,29,0,0,0,0,0,0,0,0,0,0,0,0,Mortality no radius,0,3.34,3.66,7,10663664.46,3981530.298,N/A,N/A
2327,20147,12/17/2021,6:02:06,12/17/2021,6:02:06 AM,Collar,10/28/2022,5:35:47 PM,-2676284,-4421700,3725170,35.9644463,-121.1848978,290.51,2.8,val. GPS-3D,,5,2,29,25,32,24,29,20,29,6,29,0,0,0,0,0,0,0,0,0,0,0,0,0,0,Mortality no radius,0,3.32,3.66,10,10663672.81,3981527.893,N/A,N/A
2326,20147,12/17/2021,3:01:07,12/17/2021,3:01:07 AM,Collar,10/28/2022,5:35:47 PM,-2676279,-4421692,3725163,35.9644452,-121.1848963,278.76,2.4,val. GPS-3D,,6,14,29,13,29,30,29,6,29,24,29,19,32,0,0,0,0,0,0,0,0,0,0,0,0,Mortality no radius,0,3.34,3.68,13,10663672.95,3981527.77,N/A,N/A
2325,20147,12/17/2021,0:01:08,12/17/2021,12:01:08 AM,Collar,10/28/2022,5:35:47 PM,-2676274,-4421693,3725167,35.9644835,-121.1848431,279.71,2.8,val. GPS-3D,,5,30,35,5,29,9,32,13,32,14,29,0,0,0,0,0,0,0,0,0,0,0,0,0,0,Mortality no radius,0,3.34,3.68,14,10663677.67,3981532.114,N/A,N/A
2324,20147,12/16/2021,21:01:38,12/16/2021,9:01:38 PM,Collar,10/28/2022,5:35:47 PM,,,,,,,0,No Fix,,0,0,0,0,0,0,0,0,0,0,0,0,0,0,0,0,0,0,0,0,0,0,0,0,0,Mortality no radius,0,3.32,3.68,13,31166021.45,0,N/A,N/A
2323,20147,12/16/2021,18:01:38,12/16/2021,6:01:38 PM,Collar,10/28/2022,5:35:47 PM,,,,,,,0,No Fix,,0,0,0,0,0,0,0,0,0,0,0,0,0,0,0,0,0,0,0,0,0,0,0,0,0,Mortality no radius,0,3.32,3.68,10,31166021.45,0,N/A,N/A
2322,20147,12/16/2021,15:03:00,12/16/2021,3:03:00 PM,Collar,10/28/2022,5:35:47 PM,-2676316,-4421701,3725131,35.9640696,-121.1851955,281.71,20,GPS-3D,,4,32,32,10,29,21,29,1,29,0,0,0,0,0,0,0,0,0,0,0,0,0,0,0,0,Mortality no radius,0,3.32,3.66,11,10663646.74,3981485.606,N/A,N/A
2321,20147,12/16/2021,12:01:39,12/16/2021,12:01:39 PM,Collar,10/28/2022,5:35:47 PM,,,,,,,0,No Fix,,0,0,0,0,0,0,0,0,0,0,0,0,0,0,0,0,0,0,0,0,0,0,0,0,0,Mortality no radius,0,3.3,3.66,9,31166021.45,0,N/A,N/A
2320,20147,12/16/2021,9:00:56,12/16/2021,9:00:56 AM,Collar,10/28/2022,5:35:47 PM,-2676286,-4421689,3725161,35.964425,-121.1849799,278.44,2.8,val. GPS-3D,,6,25,32,29,29,20,29,12,29,2,29,18,29,0,0,0,0,0,0,0,0,0,0,0,0,Mortality no radius,0,3.32,3.66,9,10663665.45,3981525.39,N/A,N/A
2319,20147,12/16/2021,6:01:36,12/16/2021,6:01:36 AM,Collar,10/28/2022,5:35:47 PM,-2676277,-4421682,3725154,35.9644303,-121.1849347,265.71,2.8,val. GPS-3D,,5,2,29,24,29,25,32,12,29,20,32,0,0,0,0,0,0,0,0,0,0,0,0,0,0,Mortality no radius,0,3.3,3.66,10,10663669.52,3981526.054,N/A,N/A
2318,20147,12/16/2021,3:03:00,12/16/2021,3:03:00 AM,Collar,10/28/2022,5:35:47 PM,-2676274,-4421694,3725167,35.964479,-121.1848374,280.4,3.4,val. GPS-3D,,5,6,35,13,29,24,29,15,29,17,29,0,0,0,0,0,0,0,0,0,0,0,0,0,0,Mortality no radius,0,3.32,3.66,12,10663678.19,3981531.621,N/A,N/A
2317,20147,12/16/2021,0:01:38,12/16/2021,12:01:38 AM,Collar,10/28/2022,5:35:47 PM,,,,,,,0,No Fix,,0,0,0,0,0,0,0,0,0,0,0,0,0,0,0,0,0,0,0,0,0,0,0,0,0,Mortality no radius,0,3.32,3.66,14,31166021.45,0,N/A,N/A
